Nhi Nhi,24/06/1999,Male,123456789,123456789,g@gmail.com,ngu,dn,SVVL-3456,Ng,54.0,213.0,4,Bo
Nhi Nhi,24/06/1999,Male,123456789,123456789,g@gmail.com,ngu,dn,SVVL-1234,Np,31.0,23.0,2,Nh
Nhi Nhi,24/06/1999,Male,123456789,123456789,g@gmail.com,ngu,dn,SVVL-3456,Ng,54.0,213.0,4,Bo
Duy Duy,12/06/1997,Male,123455666,1344565,fn@mnsd.cj,dsa,df,SVVL-3456,Ng,54.0,213.0,4,Bo
Nhi Nhi,17/06/1998,Female,123456789,123456789,nhi@gmail.com,Ng,ngh,SVVL-1234,Nh,31.0,23.0,2,Bg
Nhi Nhi,17/06/1998,Female,123456789,123456789,nhi@gmail.com,Ng,ngh,SVVL-3456,Ng,54.0,213.0,4,Bo
Nhi Nhi,17/06/1998,Female,123456789,123456789,nhi@gmail.com,Ng,ngh,SVVL-3456,Ng,54.0,213.0,4,Bo
Nhi Nhi,17/06/1998,Female,123456789,123456789,nhi@gmail.com,Ng,ngh,SVHO-1234,Ng,54.0,23.0,2,Bg
Nhi Nhi,24/06/1999,Male,123456789,123456789,g@gmail.com,ngu,dn,SVHO-1234,Ng,54.0,23.0,2,Bg
Nhi Nhi,24/06/1999,Male,123456789,123456789,g@gmail.com,ngu,dn,SVHO-1234,Ng,54.0,23.0,2,Bg
Nhi Nhi,17/06/1998,Female,123456789,123456789,nhi@gmail.com,Ng,ngh,SVRO-1234,Nh,65.0,23.0,2,Fy
